"Position","Name","Salary","GameInfo","AvgPointsPerGame","teamAbbrev"
"WR","Julio Jones",9300,"Phi@Atl 07:10PM ET",21.293,"Atl"
"WR","Odell Beckham Jr.",9200,"NYG@Dal 08:30PM ET",26.417,"NYG"
"WR","Demaryius Thomas",9100,"Bal@Den 04:25PM ET",22.812,"Den"
"WR","Dez Bryant",8700,"NYG@Dal 08:30PM ET",19.033,"Dal"
"QB","Aaron Rodgers",8600,"GB@Chi 01:00PM ET",23.428,"GB"
"WR","Calvin Johnson",8500,"Det@SD 04:05PM ET",18.229,"Det"
"WR","Jordy Nelson",8400,"GB@Chi 01:00PM ET",20.289,"GB"
"QB","Andrew Luck",8300,"Ind@Buf 01:00PM ET",23.743,"Ind"
"WR","Alshon Jeffery",8300,"GB@Chi 01:00PM ET",16.913,"Chi"
"QB","Peyton Manning",8200,"Bal@Den 04:25PM ET",21.301,"Den"
"QB","Drew Brees",8000,"NO@Ari 04:05PM ET",21.749,"NO"
"WR","Randall Cobb",8000,"GB@Chi 01:00PM ET",19.594,"GB"
"RB","Jamaal Charles",7900,"KC@Hou 01:00PM ET",17.093,"KC"
"WR","Emmanuel Sanders",7900,"Bal@Den 04:25PM ET",19.671,"Den"
"RB","Matt Forte",7800,"GB@Chi 01:00PM ET",22.538,"Chi"
"QB","Russell Wilson",7800,"Sea@StL 01:00PM ET",21.910,"Sea"
"WR","A.J. Green",7800,"Cin@Oak 04:25PM ET",17.100,"Cin"
"RB","Adrian Peterson",7700,"Min@SF 10:20PM ET",11.300,"Min"
"WR","Mike Evans",7700,"Ten@TB 04:25PM ET",16.940,"TB"
"RB","Arian Foster",7600,"KC@Hou 01:00PM ET",22.808,"Hou"
"QB","Cam Newton",7600,"Car@Jax 01:00PM ET",19.246,"Car"
"WR","T.Y. Hilton",7600,"Ind@Buf 01:00PM ET",17.372,"Ind"
"QB","Matt Ryan",7500,"Phi@Atl 07:10PM ET",19.891,"Atl"
"RB","Eddie Lacy",7500,"GB@Chi 01:00PM ET",17.167,"GB"
"QB","Eli Manning",7400,"NYG@Dal 08:30PM ET",18.906,"NYG"
"QB","Ryan Tannehill",7400,"Mia@Was 01:00PM ET",18.719,"Mia"
"WR","DeAndre Hopkins",7400,"KC@Hou 01:00PM ET",15.250,"Hou"
"QB","Tony Romo",7300,"NYG@Dal 08:30PM ET",18.656,"Dal"
"RB","Marshawn Lynch",7300,"Sea@StL 01:00PM ET",19.839,"Sea"
"WR","Kelvin Benjamin",7300,"Car@Jax 01:00PM ET",14.978,"Car"
"RB","LeSean McCoy",7200,"Ind@Buf 01:00PM ET",13.400,"Buf"
"WR","Jordan Matthews",7200,"Phi@Atl 07:10PM ET",13.200,"Phi"
"QB","Philip Rivers",7100,"Det@SD 04:05PM ET",18.603,"SD"
"WR","Keenan Allen",7100,"Det@SD 04:05PM ET",13.307,"SD"
"WR","Brandin Cooks",7100,"NO@Ari 04:05PM ET",13.930,"NO"
"RB","Jeremy Hill",7100,"Cin@Oak 04:25PM ET",14.035,"Cin"
"QB","Matthew Stafford",7000,"Det@SD 04:05PM ET",17.435,"Det"
"QB","Colin Kaepernick",7000,"Min@SF 10:20PM ET",16.979,"SF"
"WR","Sammy Watkins",7000,"Ind@Buf 01:00PM ET",13.188,"Buf"
"RB","C.J. Anderson",7000,"Bal@Den 04:25PM ET",14.638,"Den"
"QB","Sam Bradford",6900,"Phi@Atl 07:10PM ET",0,"Phi"
"WR","Jeremy Maclin",6900,"KC@Hou 01:00PM ET",18.050,"KC"
"QB","Jay Cutler",6800,"GB@Chi 01:00PM ET",19.439,"Chi"
"WR","DeSean Jackson",6800,"Mia@Was 01:00PM ET",15.173,"Was"
"QB","Joe Flacco",6700,"Bal@Den 04:25PM ET",18.571,"Bal"
"RB","DeMarco Murray",6700,"Phi@Atl 07:10PM ET",24.033,"Phi"
"WR","Amari Cooper",6700,"Cin@Oak 04:25PM ET",0,"Oak"
"WR","Brandon Marshall",6600,"Cle@NYJ 01:00PM ET",14.315,"NYJ"
"QB","Teddy Bridgewater",6600,"Min@SF 10:20PM ET",15.435,"Min"
"WR","Roddy White",6500,"Phi@Atl 07:10PM ET",15.650,"Atl"
"QB","Carson Palmer",6500,"NO@Ari 04:05PM ET",18.923,"Ari"
"WR","Steve Smith Sr.",6400,"Bal@Den 04:25PM ET",14.667,"Bal"
"QB","Robert Griffin III",6400,"Mia@Was 01:00PM ET",11.151,"Was"
"RB","Andre Ellington",6400,"NO@Ari 04:05PM ET",15.208,"Ari"
"WR","Golden Tate",6300,"Det@SD 04:05PM ET",17.353,"Det"
"QB","Geno Smith",6300,"Cle@NYJ 01:00PM ET",12.343,"NYJ"
"WR","Anquan Boldin",6200,"Min@SF 10:20PM ET",13.913,"SF"
"QB","Alex Smith",6200,"KC@Hou 01:00PM ET",15.333,"KC"
"RB","Justin Forsett",6200,"Bal@Den 04:25PM ET",16.233,"Bal"
"WR","Andre Johnson",6100,"Ind@Buf 01:00PM ET",13.107,"Ind"
"QB","Andy Dalton",6100,"Cin@Oak 04:25PM ET",15.425,"Cin"
"QB","Derek Carr",6100,"Cin@Oak 04:25PM ET",13.188,"Oak"
"WR","Marques Colston",6000,"NO@Ari 04:05PM ET",11.513,"NO"
"WR","Vincent Jackson",6000,"Ten@TB 04:25PM ET",11.888,"TB"
"WR","Eric Decker",6000,"Cle@NYJ 01:00PM ET",13.747,"NYJ"
"WR","Mike Wallace",6000,"Min@SF 10:20PM ET",13.550,"Min"
"QB","Marcus Mariota",6000,"Ten@TB 04:25PM ET",0,"Ten"
"QB","Jameis Winston",6000,"Ten@TB 04:25PM ET",0,"TB"
"WR","Torrey Smith",5900,"Min@SF 10:20PM ET",11.761,"SF"
"RB","Joseph Randle",5900,"NYG@Dal 08:30PM ET",3.228,"Dal"
"QB","Blake Bortles",5900,"Car@Jax 01:00PM ET",13.516,"Jax"
"QB","Matt Cassel",5800,"Ind@Buf 01:00PM ET",8.933,"Buf"
"RB","Jonathan Stewart",5800,"Car@Jax 01:00PM ET",12.227,"Car"
"WR","Michael Floyd",5800,"NO@Ari 04:05PM ET",10.300,"Ari"
"RB","Latavius Murray",5700,"Cin@Oak 04:25PM ET",5.913,"Oak"
"WR","Nelson Agholor",5700,"Phi@Atl 07:10PM ET",0,"Phi"
"QB","Michael Vick",5600,"Cle@NYJ 01:00PM ET",4.746,"NYJ"
"TE","Jimmy Graham",5600,"Sea@StL 01:00PM ET",14.681,"Sea"
"RB","Mark Ingram",5600,"NO@Ari 04:05PM ET",15.762,"NO"
"WR","Jarvis Landry",5600,"Mia@Was 01:00PM ET",11.588,"Mia"
"QB","Ryan Fitzpatrick",5500,"Cle@NYJ 01:00PM ET",15.977,"NYJ"
"WR","Larry Fitzgerald",5500,"NO@Ari 04:05PM ET",10.967,"Ari"
"RB","Alfred Morris",5500,"Mia@Was 01:00PM ET",11.931,"Was"
"RB","Lamar Miller",5500,"Mia@Was 01:00PM ET",14.525,"Mia"
"RB","Melvin Gordon",5500,"Det@SD 04:05PM ET",0,"SD"
"RB","T.J. Yeldon",5500,"Car@Jax 01:00PM ET",0,"Jax"
"RB","Frank Gore",5400,"Ind@Buf 01:00PM ET",10.794,"Ind"
"QB","Mark Sanchez",5400,"Phi@Atl 07:10PM ET",18.380,"Phi"
"WR","Allen Robinson",5400,"Car@Jax 01:00PM ET",11.680,"Jax"
"TE","Greg Olsen",5300,"Car@Jax 01:00PM ET",13.683,"Car"
"WR","Malcom Floyd",5300,"Det@SD 04:05PM ET",11.038,"SD"
"QB","Nick Foles",5300,"Sea@StL 01:00PM ET",18.040,"StL"
"RB","Carlos Hyde",5300,"Min@SF 10:20PM ET",5.364,"SF"
"QB","Josh McCown",5200,"Cle@NYJ 01:00PM ET",13.722,"Cle"
"WR","Pierre Garcon",5200,"Mia@Was 01:00PM ET",10.263,"Was"
"RB","Joique Bell",5200,"Det@SD 04:05PM ET",13.231,"Det"
"WR","Victor Cruz",5100,"NYG@Dal 08:30PM ET",11.450,"NYG"
"QB","Brian Hoyer",5100,"KC@Hou 01:00PM ET",12.853,"Hou"
"RB","Rashad Jennings",5100,"NYG@Dal 08:30PM ET",12.955,"NYG"
"QB","Ryan Mallett",5100,"KC@Hou 01:00PM ET",7.267,"Hou"
"WR","Kendall Wright",5100,"Ten@TB 04:25PM ET",12.279,"Ten"
"QB","EJ Manuel",5100,"Ind@Buf 01:00PM ET",12.344,"Buf"
"WR","Rueben Randle",5100,"NYG@Dal 08:30PM ET",11.988,"NYG"
"QB","Matt Hasselbeck",5000,"Ind@Buf 01:00PM ET",4.485,"Ind"
"QB","Charlie Whitehurst",5000,"Ten@TB 04:25PM ET",12.720,"Ten"
"QB","Tarvaris Jackson",5000,"Sea@StL 01:00PM ET",0.000,"Sea"
"QB","Derek Anderson",5000,"Car@Jax 01:00PM ET",7.206,"Car"
"QB","Dan Orlovsky",5000,"Det@SD 04:05PM ET",0.000,"Det"
"QB","Kellen Clemens",5000,"Det@SD 04:05PM ET",0.200,"SD"
"QB","Shaun Hill",5000,"Min@SF 10:20PM ET",10.920,"Min"
"QB","Matt Moore",5000,"Mia@Was 01:00PM ET",0.320,"Mia"
"QB","Drew Stanton",5000,"NO@Ari 04:05PM ET",11.416,"Ari"
"QB","Matt Schaub",5000,"Bal@Den 04:25PM ET",-0.065,"Bal"
"QB","Luke McCown",5000,"NO@Ari 04:05PM ET",0.000,"NO"
"QB","Chad Henne",5000,"Car@Jax 01:00PM ET",10.727,"Jax"
"QB","Josh Johnson",5000,"Cin@Oak 04:25PM ET",0,"Cin"
"QB","Mike Kafka",5000,"Min@SF 10:20PM ET",0,"Min"
"QB","R.J. Archer",5000,"Sea@StL 01:00PM ET",0,"Sea"
"QB","Joe Webb",5000,"Car@Jax 01:00PM ET",0.289,"Car"
"QB","Chase Daniel",5000,"KC@Hou 01:00PM ET",2.593,"KC"
"QB","Colt McCoy",5000,"Mia@Was 01:00PM ET",13.976,"Was"
"QB","Tim Tebow",5000,"Phi@Atl 07:10PM ET",0,"Phi"
"QB","T.J. Yates",5000,"Phi@Atl 07:10PM ET",0.780,"Atl"
"QB","Christian Ponder",5000,"Cin@Oak 04:25PM ET",7.240,"Oak"
"QB","Scott Tolzien",5000,"GB@Chi 01:00PM ET",0,"GB"
"QB","Ricky Stanzi",5000,"NYG@Dal 08:30PM ET",0,"NYG"
"QB","McLeod Bethel-Thompson",5000,"Mia@Was 01:00PM ET",0,"Mia"
"QB","Josh Freeman",5000,"Mia@Was 01:00PM ET",0,"Mia"
"QB","Thaddeus Lewis",5000,"Cle@NYJ 01:00PM ET",0,"Cle"
"QB","Case Keenum",5000,"Sea@StL 01:00PM ET",12.950,"StL"
"QB","Jimmy Clausen",5000,"GB@Chi 01:00PM ET",4.205,"Chi"
"QB","Kellen Moore",5000,"Det@SD 04:05PM ET",0,"Det"
"QB","Brandon Weeden",5000,"NYG@Dal 08:30PM ET",3.670,"Dal"
"QB","Tyrod Taylor",5000,"Ind@Buf 01:00PM ET",-0.300,"Buf"
"QB","Chandler Harnish",5000,"NO@Ari 04:05PM ET",0,"Ari"
"QB","Austin Davis",5000,"Sea@StL 01:00PM ET",12.564,"StL"
"QB","Kirk Cousins",5000,"Mia@Was 01:00PM ET",17.567,"Was"
"QB","Matt Simms",5000,"Ind@Buf 01:00PM ET",1.760,"Buf"
"QB","Blaine Gabbert",5000,"Min@SF 10:20PM ET",6.020,"SF"
"QB","Sean Renfree",5000,"Phi@Atl 07:10PM ET",0,"Atl"
"QB","Mike Glennon",5000,"Ten@TB 04:25PM ET",16.930,"TB"
"QB","B.J. Daniels",5000,"Sea@StL 01:00PM ET",0,"Sea"
"QB","Ryan Nassib",5000,"NYG@Dal 08:30PM ET",0.525,"NYG"
"QB","Zac Dysert",5000,"Bal@Den 04:25PM ET",0,"Den"
"QB","Matt McGloin",5000,"Cin@Oak 04:25PM ET",7.460,"Oak"
"QB","Matt Barkley",5000,"Phi@Atl 07:10PM ET",0.000,"Phi"
"QB","Zach Mettenberger",5000,"Ten@TB 04:25PM ET",11.840,"Ten"
"QB","Aaron Murray",5000,"KC@Hou 01:00PM ET",0,"KC"
"QB","Brock Osweiler",5000,"Bal@Den 04:25PM ET",1.520,"Den"
"QB","Bryn Renner",5000,"Bal@Den 04:25PM ET",0,"Bal"
"QB","Seth Lobato",5000,"Ten@TB 04:25PM ET",0,"TB"
"QB","Bryce Petty",5000,"Cle@NYJ 01:00PM ET",0,"NYJ"
"QB","Jeff Tuel",5000,"Car@Jax 01:00PM ET",0,"Jax"
"QB","Garrett Gilbert",5000,"Det@SD 04:05PM ET",0,"Det"
"QB","Logan Thomas",5000,"NO@Ari 04:05PM ET",2.413,"Ari"
"QB","AJ McCarron",5000,"Cin@Oak 04:25PM ET",0,"Cin"
"QB","Tom Savage",5000,"KC@Hou 01:00PM ET",1.240,"Hou"
"QB","Brad Sorensen",5000,"Det@SD 04:05PM ET",0,"SD"
"QB","David Fales",5000,"GB@Chi 01:00PM ET",0,"Chi"
"QB","Stephen Morris",5000,"Car@Jax 01:00PM ET",0,"Jax"
"QB","Jake Heaps",5000,"Cle@NYJ 01:00PM ET",0,"NYJ"
"QB","Garrett Grayson",5000,"NO@Ari 04:05PM ET",0,"NO"
"QB","Chase Rettig",5000,"Det@SD 04:05PM ET",0,"SD"
"QB","Tyler Bray",5000,"KC@Hou 01:00PM ET",0,"KC"
"QB","Connor Shaw",5000,"Cle@NYJ 01:00PM ET",5.980,"Cle"
"QB","Phillip Sims",5000,"NO@Ari 04:05PM ET",0,"Ari"
"QB","Jameill Showers",5000,"NYG@Dal 08:30PM ET",0,"Dal"
"QB","Trevor Siemian",5000,"Bal@Den 04:25PM ET",0,"Den"
"QB","Shane Carden",5000,"GB@Chi 01:00PM ET",0,"Chi"
"QB","Hutson Mason",5000,"Mia@Was 01:00PM ET",0,"Was"
"QB","Dylan Thompson",5000,"Min@SF 10:20PM ET",0,"SF"
"QB","Bryan Bennett",5000,"Ind@Buf 01:00PM ET",0,"Ind"
"QB","Anthony Boone",5000,"Det@SD 04:05PM ET",0,"Det"
"QB","Cody Fajardo",5000,"Cin@Oak 04:25PM ET",0,"Oak"
"QB","Sean Mannion",5000,"Sea@StL 01:00PM ET",0,"StL"
"QB","Jerry Lovelocke",5000,"Bal@Den 04:25PM ET",0,"Bal"
"QB","Brett Hundley",5000,"GB@Chi 01:00PM ET",0,"GB"
"RB","Tre Mason",5000,"Sea@StL 01:00PM ET",11.858,"StL"
"QB","Cole Stoudt",5000,"Det@SD 04:05PM ET",0,"SD"
"QB","Johnny Manziel",5000,"Cle@NYJ 01:00PM ET",2.780,"Cle"
"QB","Taylor Heinicke",5000,"Min@SF 10:20PM ET",0,"Min"
"QB","Alex Tanney",5000,"Ten@TB 04:25PM ET",0,"Ten"
"QB","Matt Blanchard",5000,"GB@Chi 01:00PM ET",0,"GB"
"WR","Breshad Perriman",5000,"Bal@Den 04:25PM ET",0,"Bal"
"WR","Kevin White",5000,"GB@Chi 01:00PM ET",0,"Chi"
"QB","Jake Waters",5000,"Car@Jax 01:00PM ET",0,"Jax"
"QB","Dustin Vaughan",5000,"NYG@Dal 08:30PM ET",0,"Dal"
"RB","C.J. Spiller",4900,"NO@Ari 04:05PM ET",8.056,"NO"
"WR","Charles Johnson",4900,"Min@SF 10:20PM ET",7.867,"Min"
"WR","Kenny Britt",4800,"Sea@StL 01:00PM ET",9.263,"StL"
"TE","Travis Kelce",4800,"KC@Hou 01:00PM ET",11.825,"KC"
"RB","Todd Gurley",4800,"Sea@StL 01:00PM ET",0,"StL"
"RB","Tevin Coleman",4800,"Phi@Atl 07:10PM ET",0,"Atl"
"WR","Kenny Stills",4700,"Mia@Was 01:00PM ET",11.993,"Mia"
"RB","Giovani Bernard",4700,"Cin@Oak 04:25PM ET",14.579,"Cin"
"WR","Doug Baldwin",4600,"Sea@StL 01:00PM ET",11.372,"Sea"
"RB","Isaiah Crowell",4600,"Cle@NYJ 01:00PM ET",7.775,"Cle"
"RB","Doug Martin",4500,"Ten@TB 04:25PM ET",7.618,"TB"
"WR","John Brown",4500,"NO@Ari 04:05PM ET",9.259,"Ari"
"TE","Julius Thomas",4500,"Car@Jax 01:00PM ET",12.729,"Jax"
"RB","Darren McFadden",4400,"NYG@Dal 08:30PM ET",7.600,"Dal"
"WR","Michael Crabtree",4400,"Cin@Oak 04:25PM ET",10.138,"Oak"
"WR","Percy Harvin",4400,"Ind@Buf 01:00PM ET",10.500,"Buf"
"WR","Davante Adams",4400,"GB@Chi 01:00PM ET",7.389,"GB"
"WR","Greg Jennings",4300,"Mia@Was 01:00PM ET",10.575,"Mia"
"WR","Dwayne Bowe",4300,"Cle@NYJ 01:00PM ET",9.027,"Cle"
"TE","Martellus Bennett",4300,"GB@Chi 01:00PM ET",14.225,"Chi"
"RB","Devonta Freeman",4300,"Phi@Atl 07:10PM ET",5.519,"Atl"
"WR","Marqise Lee",4300,"Car@Jax 01:00PM ET",6.623,"Jax"
"RB","Bishop Sankey",4300,"Ten@TB 04:25PM ET",6.138,"Ten"
"WR","James Jones",4200,"NYG@Dal 08:30PM ET",11.100,"NYG"
"TE","Antonio Gates",4200,"Det@SD 04:05PM ET",13.944,"SD"
"WR","Brian Quick",4200,"Sea@StL 01:00PM ET",11.500,"StL"
"RB","Shane Vereen",4200,"NYG@Dal 08:30PM ET",10.089,"NYG"
"WR","Marvin Jones",4200,"Cin@Oak 04:25PM ET",0,"Cin"
"WR","Justin Hunter",4200,"Ten@TB 04:25PM ET",7.983,"Ten"
"RB","Chris Ivory",4100,"Cle@NYJ 01:00PM ET",9.963,"NYJ"
"WR","DeVante Parker",4100,"Mia@Was 01:00PM ET",0,"Mia"
"TE","Jason Witten",4000,"NYG@Dal 08:30PM ET",10.483,"Dal"
"WR","Terrance Williams",4000,"NYG@Dal 08:30PM ET",10.117,"Dal"
"WR","Allen Hurns",4000,"Car@Jax 01:00PM ET",10.044,"Jax"
"RB","Ameer Abdullah",4000,"Det@SD 04:05PM ET",0,"Det"
"RB","Reggie Bush",3900,"Min@SF 10:20PM ET",10.058,"SF"
"WR","Eddie Royal",3900,"GB@Chi 01:00PM ET",11.575,"Chi"
"RB","Fred Jackson",3900,"Ind@Buf 01:00PM ET",13.471,"Buf"
"RB","Montee Ball",3900,"Bal@Den 04:25PM ET",7.480,"Den"
"WR","Dorial Green-Beckham",3900,"Ten@TB 04:25PM ET",0,"Ten"
"WR","Reggie Wayne",3800,"Ind@Buf 01:00PM ET",8.783,"Ind"
"TE","Jordan Cameron",3800,"Mia@Was 01:00PM ET",8.140,"Mia"
"RB","Charles Sims",3800,"Ten@TB 04:25PM ET",7.688,"TB"
"RB","David Johnson",3800,"NO@Ari 04:05PM ET",0,"Ari"
"WR","Chris Conley",3800,"KC@Hou 01:00PM ET",0,"KC"
"WR","Devin Funchess",3800,"Car@Jax 01:00PM ET",0,"Car"
"WR","Jaelen Strong",3800,"KC@Hou 01:00PM ET",0,"Hou"
"WR","Stevie Johnson",3700,"Det@SD 04:05PM ET",7.654,"SD"
"RB","Danny Woodhead",3700,"Det@SD 04:05PM ET",4.067,"SD"
"TE","Charles Clay",3700,"Ind@Buf 01:00PM ET",9.964,"Buf"
"WR","Jermaine Kearse",3700,"Sea@StL 01:00PM ET",7.958,"Sea"
"WR","Cody Latimer",3700,"Bal@Den 04:25PM ET",0.538,"Den"
"RB","Matt Jones",3700,"Mia@Was 01:00PM ET",0,"Was"
"RB","James Starks",3600,"GB@Chi 01:00PM ET",4.683,"GB"
"RB","Ray Rice",3600,"Bal@Den 04:25PM ET",0,"Bal"
"WR","Nick Toon",3600,"NO@Ari 04:05PM ET",5.488,"NO"
"RB","Robert Turbin",3600,"Sea@StL 01:00PM ET",4.450,"Sea"
"RB","Ryan Mathews",3600,"Phi@Atl 07:10PM ET",11.650,"Phi"
"RB","Knile Davis",3600,"KC@Hou 01:00PM ET",8.063,"KC"
"TE","Zach Ertz",3600,"Phi@Atl 07:10PM ET",9.263,"Phi"
"RB","Alfred Blue",3600,"KC@Hou 01:00PM ET",6.256,"Hou"
"WR","Cecil Shorts III",3600,"KC@Hou 01:00PM ET",9.614,"Hou"
"RB","Terrance West",3600,"Cle@NYJ 01:00PM ET",8.336,"Cle"
"WR","Phillip Dorsett",3600,"Ind@Buf 01:00PM ET",0,"Ind"
"RB","Pierre Thomas",3500,"NO@Ari 04:05PM ET",11.182,"NO"
"WR","Devin Hester",3500,"Phi@Atl 07:10PM ET",7.188,"Atl"
"WR","Wes Welker",3500,"Bal@Den 04:25PM ET",7.360,"Den"
"WR","Andrew Hawkins",3500,"Cle@NYJ 01:00PM ET",10.793,"Cle"
"RB","Fozzy Whittaker",3500,"Car@Jax 01:00PM ET",4.075,"Car"
"RB","Jacquizz Rodgers",3500,"GB@Chi 01:00PM ET",5.000,"Chi"
"TE","Ladarius Green",3500,"Det@SD 04:05PM ET",2.971,"SD"
"TE","Kyle Rudolph",3500,"Min@SF 10:20PM ET",6.567,"Min"
"RB","Branden Oliver",3500,"Det@SD 04:05PM ET",10.807,"SD"
"TE","Tyler Eifert",3500,"Cin@Oak 04:25PM ET",6.700,"Cin"
"WR","Robert Woods",3500,"Ind@Buf 01:00PM ET",10.556,"Buf"
"WR","Marquess Wilson",3500,"GB@Chi 01:00PM ET",5.286,"Chi"
"RB","Javorius Allen",3500,"Bal@Den 04:25PM ET",0,"Bal"
"RB","Damien Williams",3500,"Mia@Was 01:00PM ET",3.619,"Mia"
"RB","Cameron Artis-Payne",3500,"Car@Jax 01:00PM ET",0,"Car"
"DST","Seahawks ",3400,"Sea@StL 01:00PM ET",9.278,"Sea"
"TE","Owen Daniels",3400,"Bal@Den 04:25PM ET",8.812,"Den"
"TE","Delanie Walker",3400,"Ten@TB 04:25PM ET",12.133,"Ten"
"RB","Steven Jackson",3400,"Phi@Atl 07:10PM ET",9.633,"Atl"
"RB","Toby Gerhart",3400,"Car@Jax 01:00PM ET",5.871,"Jax"
"RB","Stevan Ridley",3400,"Cle@NYJ 01:00PM ET",9.667,"NYJ"
"RB","Kendall Hunter",3400,"Min@SF 10:20PM ET",0,"SF"
"RB","Daniel Herron",3400,"Ind@Buf 01:00PM ET",7.274,"Ind"
"TE","Coby Fleener",3400,"Ind@Buf 01:00PM ET",10.479,"Ind"
"WR","Cole Beasley",3400,"NYG@Dal 08:30PM ET",6.561,"Dal"
"TE","Dwayne Allen",3400,"Ind@Buf 01:00PM ET",8.906,"Ind"
"TE","Josh Hill",3400,"NO@Ari 04:05PM ET",3.850,"NO"
"RB","David Cobb",3400,"Ten@TB 04:25PM ET",0,"Ten"
"RB","Jay Ajayi",3400,"Mia@Was 01:00PM ET",0,"Mia"
"TE","Austin Seferian-Jenkins",3400,"Ten@TB 04:25PM ET",6.011,"TB"
"RB","Lorenzo Taliaferro",3400,"Bal@Den 04:25PM ET",5.508,"Bal"
"RB","Darren Sproles",3300,"Phi@Atl 07:10PM ET",10.773,"Phi"
"WR","Andre Caldwell",3300,"Bal@Den 04:25PM ET",0.571,"Den"
"WR","Brian Hartline",3300,"Cle@NYJ 01:00PM ET",6.150,"Cle"
"RB","Dexter McCluster",3300,"Ten@TB 04:25PM ET",4.557,"Ten"
"WR","Kamar Aiken",3300,"Bal@Den 04:25PM ET",4.389,"Bal"
"WR","Mohamed Sanu",3300,"Cin@Oak 04:25PM ET",11.256,"Cin"
"RB","Trent Richardson",3300,"Cin@Oak 04:25PM ET",7.425,"Oak"
"TE","Jordan Reed",3300,"Mia@Was 01:00PM ET",8.955,"Was"
"RB","Theo Riddick",3300,"Det@SD 04:05PM ET",6.840,"Det"
"WR","Tavon Austin",3300,"Sea@StL 01:00PM ET",6.373,"StL"
"RB","Jerick McKinnon",3300,"Min@SF 10:20PM ET",9.118,"Min"
"DST","Bengals ",3200,"Cin@Oak 04:25PM ET",6.353,"Cin"
"RB","Chris Johnson",3200,"NO@Ari 04:05PM ET",7.463,"Ari"
"WR","Andre Roberts",3200,"Mia@Was 01:00PM ET",5.838,"Was"
"TE","Larry Donnell",3200,"NYG@Dal 08:30PM ET",9.831,"NYG"
"RB","Zac Stacy",3200,"Cle@NYJ 01:00PM ET",5.115,"NYJ"
"RB","Mike Davis",3200,"Min@SF 10:20PM ET",0,"SF"
"DST","Browns ",3100,"Cle@NYJ 01:00PM ET",8.188,"Cle"
"DST","Panthers ",3100,"Car@Jax 01:00PM ET",7.222,"Car"
"TE","Vernon Davis",3100,"Min@SF 10:20PM ET",4.493,"SF"
"RB","Knowshon Moreno",3100,"Mia@Was 01:00PM ET",8.533,"Mia"
"DST","Texans ",3000,"KC@Hou 01:00PM ET",10.875,"Hou"
"DST","Packers ",3000,"GB@Chi 01:00PM ET",9.389,"GB"
"DST","Chiefs ",3000,"KC@Hou 01:00PM ET",7.500,"KC"
"DST","Dolphins ",3000,"Mia@Was 01:00PM ET",8.125,"Mia"
"WR","Josh Cribbs",3000,"Ind@Buf 01:00PM ET",0.089,"Ind"
"WR","Lance Moore",3000,"Det@SD 04:05PM ET",3.414,"Det"
"RB","Maurice Jones-Drew",3000,"Car@Jax 01:00PM ET",2.308,"Jax"
"WR","Jason Avant",3000,"KC@Hou 01:00PM ET",4.713,"KC"
"WR","Santonio Holmes",3000,"GB@Chi 01:00PM ET",1.633,"Chi"
"WR","Miles Austin",3000,"Phi@Atl 07:10PM ET",9.650,"Phi"
"WR","Nate Washington",3000,"KC@Hou 01:00PM ET",7.481,"Hou"
"RB","Tyler Clutts",3000,"NYG@Dal 08:30PM ET",0.456,"Dal"
"WR","Harry Douglas",3000,"Ten@TB 04:25PM ET",10.550,"Ten"
"WR","Eric Weems",3000,"Phi@Atl 07:10PM ET",2.013,"Atl"
"WR","Jerricho Cotchery",3000,"Car@Jax 01:00PM ET",7.318,"Car"
"WR","Josh Morgan",3000,"NO@Ari 04:05PM ET",1.857,"NO"
"WR","Ted Ginn Jr.",3000,"Car@Jax 01:00PM ET",2.294,"Car"
"RB","Jerome Felton",3000,"Ind@Buf 01:00PM ET",0.544,"Buf"
"RB","Tim Hightower",3000,"NO@Ari 04:05PM ET",0,"NO"
"RB","Shonn Greene",3000,"Ten@TB 04:25PM ET",4.038,"Ten"
"WR","Marcus Thigpen",3000,"Ind@Buf 01:00PM ET",0.556,"Buf"
"RB","Ahmad Bradshaw",3000,"Ind@Buf 01:00PM ET",15.650,"Ind"
"RB","Cedric Peerman",3000,"Cin@Oak 04:25PM ET",0.588,"Cin"
"RB","Chris Ogbonnaya",3000,"NYG@Dal 08:30PM ET",1.571,"NYG"
"WR","Jerome Simpson",3000,"Min@SF 10:20PM ET",0,"SF"
"RB","Mike Tolbert",3000,"Car@Jax 01:00PM ET",4.030,"Car"
"RB","Jed Collins",3000,"NYG@Dal 08:30PM ET",0.994,"Dal"
"RB","John Kuhn",3000,"GB@Chi 01:00PM ET",1.361,"GB"
"WR","Seyi Ajirotutu",3000,"Phi@Atl 07:10PM ET",0.531,"Phi"
"WR","Marlon Moore",3000,"Cle@NYJ 01:00PM ET",0.000,"Cle"
"WR","Brandon Tate",3000,"Cin@Oak 04:25PM ET",2.553,"Cin"
"RB","Darrel Young",3000,"Mia@Was 01:00PM ET",3.206,"Was"
"WR","Louis Murphy",3000,"Ten@TB 04:25PM ET",7.636,"TB"
"RB","Antone Smith",3000,"Phi@Atl 07:10PM ET",7.860,"Atl"
"RB","Donald Brown",3000,"Det@SD 04:05PM ET",5.569,"SD"
"RB","Jorvorskie Lane",3000,"Ten@TB 04:25PM ET",0.789,"TB"
"WR","Jordan Norwood",3000,"Bal@Den 04:25PM ET",0,"Den"
"RB","John Conner",3000,"Ind@Buf 01:00PM ET",1.125,"Buf"
"WR","Trindon Holliday",3000,"Cin@Oak 04:25PM ET",0.000,"Oak"
"WR","Kevin Ogletree",3000,"NYG@Dal 08:30PM ET",1.429,"NYG"
"RB","Collin Mooney",3000,"Phi@Atl 07:10PM ET",0,"Atl"
"WR","Kyle Williams",3000,"Bal@Den 04:25PM ET",0,"Den"
"RB","Erik Lorig",3000,"NO@Ari 04:05PM ET",1.710,"NO"
"WR","Kris Durham",3000,"Cin@Oak 04:25PM ET",2.850,"Oak"
"RB","Shaun Draughn",3000,"Cle@NYJ 01:00PM ET",0.173,"Cle"
"WR","Hakeem Nicks",3000,"Ten@TB 04:25PM ET",6.542,"Ten"
"WR","Preston Parker",3000,"NYG@Dal 08:30PM ET",5.550,"NYG"
"WR","Greg Salas",3000,"Det@SD 04:05PM ET",3.270,"Det"
"WR","Jacoby Ford",3000,"Ten@TB 04:25PM ET",0,"Ten"
"RB","Marcel Reece",3000,"Cin@Oak 04:25PM ET",5.133,"Oak"
"WR","Dwayne Harris",3000,"NYG@Dal 08:30PM ET",1.044,"NYG"
"RB","Bruce Miller",3000,"Min@SF 10:20PM ET",3.050,"SF"
"WR","Marc Mariani",3000,"GB@Chi 01:00PM ET",0.000,"Chi"
"WR","Bryan Walters",3000,"Car@Jax 01:00PM ET",0.767,"Jax"
"WR","Jacoby Jones",3000,"Det@SD 04:05PM ET",1.611,"SD"
"WR","Riley Cooper",3000,"Phi@Atl 07:10PM ET",8.106,"Phi"
"RB","Boobie Dixon",3000,"Ind@Buf 01:00PM ET",4.256,"Buf"
"WR","Jeremy Ross",3000,"Det@SD 04:05PM ET",3.488,"Det"
"RB","Chase Reynolds",3000,"Sea@StL 01:00PM ET",0.000,"StL"
"WR","Joseph Morgan",3000,"NO@Ari 04:05PM ET",3.980,"NO"
"WR","Damian Williams",3000,"Sea@StL 01:00PM ET",0.800,"StL"
"WR","Ryan Broyles",3000,"Det@SD 04:05PM ET",0.900,"Det"
"WR","John Chiles",3000,"GB@Chi 01:00PM ET",0,"Chi"
"WR","Arrelious Benn",3000,"Car@Jax 01:00PM ET",0,"Jax"
"WR","Carlton Mitchell",3000,"Phi@Atl 07:10PM ET",0,"Atl"
"WR","Marcus Easley",3000,"Ind@Buf 01:00PM ET",0.000,"Buf"
"WR","Austin Pettis",3000,"Det@SD 04:05PM ET",5.960,"SD"
"WR","Armon Binns",3000,"KC@Hou 01:00PM ET",0,"KC"
"RB","Matt Asiata",3000,"Min@SF 10:20PM ET",13.013,"Min"
"WR","Corbin Louks",3000,"KC@Hou 01:00PM ET",0,"KC"
"WR","Marcus Harris",3000,"NYG@Dal 08:30PM ET",0,"NYG"
"RB","Taiwan Jones",3000,"Cin@Oak 04:25PM ET",0.000,"Oak"
"RB","DuJuan Harris",3000,"Min@SF 10:20PM ET",0.567,"Min"
"WR","Deonte Thompson",3000,"Ind@Buf 01:00PM ET",0.000,"Buf"
"RB","Henry Hynoski",3000,"NYG@Dal 08:30PM ET",0.081,"NYG"
"WR","Denarius Moore",3000,"Cin@Oak 04:25PM ET",2.260,"Cin"
"WR","Leonard Hankerson",3000,"Phi@Atl 07:10PM ET",0.000,"Atl"
"WR","Fred Williams",3000,"KC@Hou 01:00PM ET",0,"KC"
"WR","Reggie Dunn",3000,"NYG@Dal 08:30PM ET",0,"Dal"
"WR","G.J. Kinne",3000,"Phi@Atl 07:10PM ET",0,"Phi"
"WR","Dontrelle Inman",3000,"Det@SD 04:05PM ET",3.971,"SD"
"RB","Jeremy Stewart",3000,"Bal@Den 04:25PM ET",0.314,"Den"
"RB","Joe Banyard",3000,"Min@SF 10:20PM ET",1.600,"Min"
"WR","Jeremy Kerley",3000,"Cle@NYJ 01:00PM ET",5.844,"NYJ"
"RB","Robert Hughes",3000,"NO@Ari 04:05PM ET",1.453,"Ari"
"WR","Nathan Palmer",3000,"Bal@Den 04:25PM ET",0,"Den"
"RB","Anthony Sherman",3000,"KC@Hou 01:00PM ET",1.494,"KC"
"WR","Julian Talley",3000,"NYG@Dal 08:30PM ET",0.000,"NYG"
"WR","Mike Brown",3000,"Car@Jax 01:00PM ET",2.960,"Car"
"WR","Aldrick Robinson",3000,"Bal@Den 04:25PM ET",0.320,"Bal"
"WR","Jeff Maehl",3000,"Phi@Atl 07:10PM ET",1.200,"Phi"
"RB","Will Tukuafu",3000,"Sea@StL 01:00PM ET",0.309,"Sea"
"WR","Vincent Brown",3000,"Ind@Buf 01:00PM ET",3.400,"Ind"
"RB","Bilal Powell",3000,"Cle@NYJ 01:00PM ET",2.687,"NYJ"
"RB","Bobby Rainey",3000,"Ten@TB 04:25PM ET",7.807,"TB"
"RB","Roy Helu Jr.",3000,"Cin@Oak 04:25PM ET",9.164,"Oak"
"WR","Devon Wylie",3000,"Sea@StL 01:00PM ET",0,"StL"
"WR","Junior Hemingway",3000,"KC@Hou 01:00PM ET",1.629,"KC"
"RB","Patrick DiMarco",3000,"Phi@Atl 07:10PM ET",1.325,"Atl"
"WR","Kevin Cone",3000,"Cle@NYJ 01:00PM ET",0,"Cle"
"RB","Isaiah Pead",3000,"Sea@StL 01:00PM ET",0,"StL"
"RB","George Winn",3000,"Det@SD 04:05PM ET",0.562,"Det"
"RB","Cyrus Gray",3000,"KC@Hou 01:00PM ET",1.011,"KC"
"WR","Juron Criner",3000,"NYG@Dal 08:30PM ET",0,"NYG"
"WR","Tavarres King",3000,"Ten@TB 04:25PM ET",1.650,"TB"
"RB","Austin Johnson",3000,"NO@Ari 04:05PM ET",1.671,"NO"
"RB","Chris Polk",3000,"KC@Hou 01:00PM ET",3.629,"Hou"
"RB","Jarryd Hayne",3000,"Min@SF 10:20PM ET",0,"SF"
"RB","Kenjon Barner",3000,"Phi@Atl 07:10PM ET",0,"Phi"
"RB","LaMichael James",3000,"Mia@Was 01:00PM ET",0.300,"Mia"
"WR","Brice Butler",3000,"Cin@Oak 04:25PM ET",4.067,"Oak"
"RB","Zach Line",3000,"Min@SF 10:20PM ET",0.000,"Min"
"WR","Chris Owusu",3000,"Cle@NYJ 01:00PM ET",3.513,"NYJ"
"WR","Griff Whalen",3000,"Ind@Buf 01:00PM ET",0.330,"Ind"
"WR","Brenton Bersin",3000,"Car@Jax 01:00PM ET",2.165,"Car"
"RB","Derrick Coleman",3000,"Sea@StL 01:00PM ET",2.180,"Sea"
"RB","Jonathan Grimes",3000,"KC@Hou 01:00PM ET",1.869,"Hou"
"WR","Frankie Hammond Jr.",3000,"KC@Hou 01:00PM ET",0.531,"KC"
"WR","Jaron Brown",3000,"NO@Ari 04:05PM ET",3.347,"Ari"
"WR","T.J. Graham",3000,"Cle@NYJ 01:00PM ET",1.475,"NYJ"
"RB","Ryan Williams",3000,"NYG@Dal 08:30PM ET",0,"Dal"
"WR","Chris Givens",3000,"Sea@StL 01:00PM ET",2.379,"StL"
"WR","Tandon Doss",3000,"Car@Jax 01:00PM ET",0,"Jax"
"WR","A.J. Jenkins",3000,"NYG@Dal 08:30PM ET",2.011,"Dal"
"RB","Michael Cox",3000,"NYG@Dal 08:30PM ET",1.550,"NYG"
"RB","Glenn Winston",3000,"Cle@NYJ 01:00PM ET",0.000,"Cle"
"WR","Keshawn Martin",3000,"KC@Hou 01:00PM ET",0.863,"Hou"
"WR","Myles White",3000,"GB@Chi 01:00PM ET",0,"GB"
"WR","DeVier Posey",3000,"Cle@NYJ 01:00PM ET",4.000,"NYJ"
"WR","Jarrett Boykin",3000,"Car@Jax 01:00PM ET",0.353,"Car"
"WR","LaRon Byrd",3000,"Mia@Was 01:00PM ET",0.000,"Mia"
"WR","Travis Benjamin",3000,"Cle@NYJ 01:00PM ET",4.281,"Cle"
"WR","Tommy Streeter",3000,"Mia@Was 01:00PM ET",0.000,"Mia"
"RB","Jordan Todman",3000,"Car@Jax 01:00PM ET",4.713,"Car"
"WR","Jarius Wright",3000,"Min@SF 10:20PM ET",7.869,"Min"
"WR","Damaris Johnson",3000,"KC@Hou 01:00PM ET",4.500,"Hou"
"RB","Lance Dunbar",3000,"NYG@Dal 08:30PM ET",2.756,"Dal"
"WR","Darius Davis",3000,"Min@SF 10:20PM ET",0,"SF"
"WR","Russell Shepard",3000,"Ten@TB 04:25PM ET",0.644,"TB"
"RB","Zurlon Tipton",3000,"Ind@Buf 01:00PM ET",4.289,"Ind"
"RB","Matthew Tucker",3000,"Phi@Atl 07:10PM ET",0,"Phi"
"RB","Mike James",3000,"Ten@TB 04:25PM ET",0.382,"TB"
"RB","Tommy Bohanon",3000,"Cle@NYJ 01:00PM ET",1.325,"NYJ"
"RB","Toben Opurum",3000,"NO@Ari 04:05PM ET",0,"NO"
"WR","Ryan Grant",3000,"Mia@Was 01:00PM ET",0.863,"Was"
"RB","Rex Burkhead",3000,"Cin@Oak 04:25PM ET",2.930,"Cin"
"WR","Stephen Hill",3000,"Car@Jax 01:00PM ET",0,"Car"
"RB","Benny Cunningham",3000,"Sea@StL 01:00PM ET",7.925,"StL"
"RB","Kendall Gaskins",3000,"Min@SF 10:20PM ET",0,"SF"
"WR","Michael Campanaro",3000,"Bal@Den 04:25PM ET",5.183,"Bal"
"RB","Nikita Whitlock",3000,"NYG@Dal 08:30PM ET",0,"NYG"
"RB","Kyle Juszczyk",3000,"Bal@Den 04:25PM ET",2.872,"Bal"
"RB","Bryce Brown",3000,"Ind@Buf 01:00PM ET",6.457,"Buf"
"WR","Ryan Spadola",3000,"NO@Ari 04:05PM ET",0,"Ari"
"RB","Stepfan Taylor",3000,"NO@Ari 04:05PM ET",4.413,"Ari"
"WR","Tevin Reese",3000,"Cin@Oak 04:25PM ET",0,"Cin"
"WR","Andrew Peacock",3000,"Det@SD 04:05PM ET",0,"Det"
"WR","Tony Washington",3000,"Car@Jax 01:00PM ET",0,"Jax"
"RB","Ray Agnew",3000,"NYG@Dal 08:30PM ET",0.392,"Dal"
"WR","Marquise Goodwin",3000,"Ind@Buf 01:00PM ET",0.600,"Buf"
"RB","Kerwynn Williams",3000,"NO@Ari 04:05PM ET",6.000,"Ari"
"WR","Rico Richardson",3000,"Ten@TB 04:25PM ET",0.000,"Ten"
"WR","Emory Blake",3000,"Sea@StL 01:00PM ET",0,"StL"
"RB","Brandon Wegher",3000,"Car@Jax 01:00PM ET",0,"Car"
"WR","Kevin Norwood",3000,"Sea@StL 01:00PM ET",1.920,"Sea"
"WR","Andre Debose",3000,"Cin@Oak 04:25PM ET",0,"Oak"
"RB","Mike Gillislee",3000,"Mia@Was 01:00PM ET",0,"Mia"
"WR","Shaq Evans",3000,"Cle@NYJ 01:00PM ET",0,"NYJ"
"WR","Duron Carter",3000,"Ind@Buf 01:00PM ET",0,"Ind"
"WR","Rodney Smith",3000,"Cle@NYJ 01:00PM ET",0.000,"Cle"
"RB","Chris Thompson",3000,"Mia@Was 01:00PM ET",7.950,"Was"
"WR","Josh Lenz",3000,"Cle@NYJ 01:00PM ET",0,"Cle"
"WR","Ricardo Lockette",3000,"Sea@StL 01:00PM ET",2.733,"Sea"
"RB","Christine Michael",3000,"Sea@StL 01:00PM ET",1.970,"Sea"
"WR","EZ Nwachukwu",3000,"KC@Hou 01:00PM ET",0,"Hou"
"RB","Denard Robinson",3000,"Car@Jax 01:00PM ET",9.354,"Jax"
"RB","Fitzgerald Toussaint",3000,"Bal@Den 04:25PM ET",1.283,"Bal"
"RB","Edwin Baker",3000,"NO@Ari 04:05PM ET",0.067,"NO"
"WR","Bennie Fowler",3000,"Bal@Den 04:25PM ET",0,"Den"
"WR","Jared Abbrederis",3000,"GB@Chi 01:00PM ET",0,"GB"
"WR","Nick Williams",3000,"Phi@Atl 07:10PM ET",0,"Atl"
"WR","Devin Street",3000,"NYG@Dal 08:30PM ET",0.211,"Dal"
"WR","Cobi Hamilton",3000,"Cin@Oak 04:25PM ET",0.000,"Cin"
"WR","Marlon Brown",3000,"Bal@Den 04:25PM ET",3.769,"Bal"
"WR","Chris Matthews",3000,"Sea@StL 01:00PM ET",0.000,"Sea"
"RB","Ronnie Hillman",3000,"Bal@Den 04:25PM ET",12.122,"Den"
"WR","Colin Lockett",3000,"Mia@Was 01:00PM ET",0,"Was"
"RB","Bernard Pierce",3000,"Car@Jax 01:00PM ET",3.840,"Jax"
"WR","Alan Bonner",3000,"KC@Hou 01:00PM ET",0,"Hou"
"WR","Stedman Bailey",3000,"Sea@StL 01:00PM ET",6.414,"StL"
"RB","Daniel Thomas",3000,"GB@Chi 01:00PM ET",4.575,"Chi"
"WR","Justin Brown",3000,"Ind@Buf 01:00PM ET",2.550,"Buf"
"RB","J.C. Copeland",3000,"Cle@NYJ 01:00PM ET",0,"NYJ"
"RB","Spencer Ware",3000,"KC@Hou 01:00PM ET",0,"KC"
"WR","James Wright",3000,"Cin@Oak 04:25PM ET",1.555,"Cin"
"WR","Kenny Bell",3000,"Ten@TB 04:25PM ET",0,"TB"
"WR","Quincy Enunwa",3000,"Cle@NYJ 01:00PM ET",0.000,"NYJ"
"RB","Storm Johnson",3000,"Car@Jax 01:00PM ET",3.533,"Jax"
"WR","Austin Hill",3000,"Cle@NYJ 01:00PM ET",0,"NYJ"
"WR","Tyler Slavin",3000,"Sea@StL 01:00PM ET",0,"StL"
"WR","Solomon Patton",3000,"Bal@Den 04:25PM ET",0.271,"Den"
"RB","Rajion Neal",3000,"GB@Chi 01:00PM ET",0,"GB"
"WR","Da'Rick Rogers",3000,"KC@Hou 01:00PM ET",0,"KC"
"RB","Trey Millard",3000,"Min@SF 10:20PM ET",0,"SF"
"RB","Vick Ballard",3000,"Ind@Buf 01:00PM ET",0,"Ind"
"RB","Silas Redd Jr.",3000,"Mia@Was 01:00PM ET",2.147,"Was"
"WR","Kyle Prater",3000,"NO@Ari 04:05PM ET",0,"NO"
"WR","Deon Long",3000,"Ten@TB 04:25PM ET",0,"Ten"
"WR","Ryan Lankford",3000,"Ind@Buf 01:00PM ET",0,"Ind"
"RB","Jay Prosch",3000,"KC@Hou 01:00PM ET",0.213,"Hou"
"WR","Dres Anderson",3000,"Min@SF 10:20PM ET",0,"SF"
"RB","Jalston Fowler",3000,"Ten@TB 04:25PM ET",0,"Ten"
"WR","TJ Jones",3000,"Det@SD 04:05PM ET",0,"Det"
"WR","Kenbrell Thompkins",3000,"Cin@Oak 04:25PM ET",3.407,"Oak"
"RB","Joey Iosefa",3000,"Ten@TB 04:25PM ET",0,"TB"
"WR","Nick Harwell",3000,"NYG@Dal 08:30PM ET",0,"Dal"
"WR","Tony Jones",3000,"Mia@Was 01:00PM ET",0,"Was"
"WR","Rashad Lawrence",3000,"GB@Chi 01:00PM ET",0,"Chi"
"WR","Andy Tanner",3000,"NO@Ari 04:05PM ET",0,"NO"
"RB","Orleans Darkwa",3000,"NYG@Dal 08:30PM ET",1.645,"NYG"
"WR","Rod Streater",3000,"Cin@Oak 04:25PM ET",7.800,"Oak"
"WR","Ify Umodu",3000,"GB@Chi 01:00PM ET",0,"Chi"
"WR","Mario Hull",3000,"Min@SF 10:20PM ET",0,"SF"
"WR","Jordan Taylor",3000,"Bal@Den 04:25PM ET",0,"Den"
"WR","Damarr Aultman",3000,"Mia@Was 01:00PM ET",0,"Mia"
"WR","R.J. Harris",3000,"NO@Ari 04:05PM ET",0,"NO"
"WR","Ben Edwards",3000,"NYG@Dal 08:30PM ET",0,"NYG"
"RB","Connor Neighbors",3000,"Ten@TB 04:25PM ET",0,"Ten"
"WR","Ace Sanders",3000,"Car@Jax 01:00PM ET",0.875,"Jax"
"RB","Lee Ward",3000,"Car@Jax 01:00PM ET",0,"Car"
"WR","Jimmie Hunt",3000,"GB@Chi 01:00PM ET",0,"GB"
"WR","Marcus Lucas",3000,"Car@Jax 01:00PM ET",0,"Car"
"RB","Marcus Murphy",3000,"NO@Ari 04:05PM ET",0,"NO"
"WR","Bud Sasser",3000,"Sea@StL 01:00PM ET",0,"StL"
"RB","Andre Williams",3000,"NYG@Dal 08:30PM ET",9.444,"NYG"
"WR","Jarred Haggins",3000,"Det@SD 04:05PM ET",0,"Det"
"RB","Synjyn Days",3000,"NYG@Dal 08:30PM ET",0,"Dal"
"RB","Rod Smith",3000,"Sea@StL 01:00PM ET",0,"Sea"
"WR","Joshua Bellamy",3000,"GB@Chi 01:00PM ET",0.000,"Chi"
"RB","Dominique Brown",3000,"Ten@TB 04:25PM ET",0,"TB"
"RB","Senorise Perry",3000,"GB@Chi 01:00PM ET",0.056,"Chi"
"WR","Lance Lewis",3000,"NO@Ari 04:05PM ET",0,"NO"
"WR","Jordan Leslie",3000,"Min@SF 10:20PM ET",0,"Min"
"WR","Neal Sterling",3000,"Car@Jax 01:00PM ET",0,"Jax"
"WR","Walt Powell",3000,"Cle@NYJ 01:00PM ET",-0.250,"NYJ"
"RB","Lache Seastrunk",3000,"NYG@Dal 08:30PM ET",0,"Dal"
"WR","Javontee Herndon",3000,"Det@SD 04:05PM ET",0,"SD"
"RB","Malcolm Johnson",3000,"Cle@NYJ 01:00PM ET",0,"Cle"
"WR","Josh Huff",3000,"Phi@Atl 07:10PM ET",1.958,"Phi"
"WR","Andrew Turzilli",3000,"Ten@TB 04:25PM ET",0,"Ten"
"WR","John Harris",3000,"Phi@Atl 07:10PM ET",0,"Phi"
"WR","Issac Blakeney",3000,"Min@SF 10:20PM ET",0,"SF"
"RB","Juwan Thompson",3000,"Bal@Den 04:25PM ET",3.447,"Den"
"RB","Manasseh Garner",3000,"KC@Hou 01:00PM ET",0,"KC"
"WR","Ezell Ruffin",3000,"Ind@Buf 01:00PM ET",0,"Ind"
"WR","Brandon Coleman",3000,"NO@Ari 04:05PM ET",0,"NO"
"RB","Michael Burton",3000,"Det@SD 04:05PM ET",0,"Det"
"WR","Malcome Kennedy",3000,"NO@Ari 04:05PM ET",0,"NO"
"WR","Albert Wilson",3000,"KC@Hou 01:00PM ET",3.500,"KC"
"RB","Michael Dyer",3000,"Cin@Oak 04:25PM ET",0,"Oak"
"RB","Corey Grant",3000,"Car@Jax 01:00PM ET",0,"Jax"
"WR","DeAndrew White",3000,"Min@SF 10:20PM ET",0,"SF"
"RB","Mack Brown",3000,"Mia@Was 01:00PM ET",0,"Was"
"WR","Adrian Coxson",3000,"GB@Chi 01:00PM ET",0,"GB"
"WR","Kaelin Clay",3000,"Ten@TB 04:25PM ET",0,"TB"
"WR","Antwan Goodley",3000,"NYG@Dal 08:30PM ET",0,"Dal"
"WR","Levi Norwood",3000,"GB@Chi 01:00PM ET",0,"Chi"
"WR","Matt Hazel",3000,"Mia@Was 01:00PM ET",0,"Mia"
"WR","Keith Mumphery",3000,"KC@Hou 01:00PM ET",0,"Hou"
"RB","Jeremy Langford",3000,"GB@Chi 01:00PM ET",0,"Chi"
"WR","Rishard Matthews",3000,"Mia@Was 01:00PM ET",2.700,"Mia"
"WR","Justin Hardy",3000,"Phi@Atl 07:10PM ET",0,"Atl"
"WR","Desmond Lawrence",3000,"Det@SD 04:05PM ET",0,"Det"
"WR","J.J. Nelson",3000,"NO@Ari 04:05PM ET",0,"Ari"
"WR","Da'Ron Brown",3000,"KC@Hou 01:00PM ET",0,"KC"
"WR","DiAndre Campbell",3000,"Min@SF 10:20PM ET",0,"SF"
"WR","Kevin Smith",3000,"Sea@StL 01:00PM ET",0,"Sea"
"WR","Clyde Gates",3000,"Ten@TB 04:25PM ET",0,"Ten"
"WR","Andre Holmes",3000,"Cin@Oak 04:25PM ET",8.956,"Oak"
"WR","Corey Fuller",3000,"Det@SD 04:05PM ET",2.635,"Det"
"WR","Jake Kumerow",3000,"Cin@Oak 04:25PM ET",0,"Cin"
"WR","Geremy Davis",3000,"NYG@Dal 08:30PM ET",0,"NYG"
"RB","Jerome Smith",3000,"Phi@Atl 07:10PM ET",0.000,"Atl"
"WR","Bernard Reedy",3000,"Phi@Atl 07:10PM ET",0,"Atl"
"RB","Jamize Olawale",3000,"Cin@Oak 04:25PM ET",1.175,"Oak"
"WR","Paul Richardson",3000,"Sea@StL 01:00PM ET",4.075,"Sea"
"WR","Robert Herron",3000,"Ten@TB 04:25PM ET",2.225,"TB"
"WR","Donte Foster",3000,"Min@SF 10:20PM ET",0,"Min"
"WR","Douglas McNeil III",3000,"Sea@StL 01:00PM ET",0,"Sea"
"WR","Daniel Brown",3000,"Bal@Den 04:25PM ET",0,"Bal"
"WR","Reggie Bell",3000,"Mia@Was 01:00PM ET",0,"Was"
"WR","Isaiah Burse",3000,"Bal@Den 04:25PM ET",-0.083,"Den"
"WR","Josh Harper",3000,"Cin@Oak 04:25PM ET",0,"Oak"
"WR","Jalen Saunders",3000,"NO@Ari 04:05PM ET",0.078,"NO"
"WR","Freddie Martino",3000,"Phi@Atl 07:10PM ET",0.000,"Atl"
"WR","Josh Reese",3000,"Ten@TB 04:25PM ET",0,"TB"
"RB","Terrence Franks",3000,"Sea@StL 01:00PM ET",0,"StL"
"WR","Cameron Meredith",3000,"GB@Chi 01:00PM ET",0,"Chi"
"WR","Tyler McDonald",3000,"Mia@Was 01:00PM ET",0,"Mia"
"RB","Antonio Andrews",3000,"Ten@TB 04:25PM ET",0.775,"Ten"
"WR","Chris Hogan",3000,"Ind@Buf 01:00PM ET",6.600,"Buf"
"WR","Saalim Hakim",3000,"Cle@NYJ 01:00PM ET",0.000,"NYJ"
"WR","Corey Brown",3000,"Car@Jax 01:00PM ET",5.880,"Car"
"RB","Zach Zenner",3000,"Det@SD 04:05PM ET",0,"Det"
"WR","Michael Preston",3000,"Mia@Was 01:00PM ET",0,"Mia"
"RB","Kenny Hilliard",3000,"KC@Hou 01:00PM ET",0,"Hou"
"RB","Terrence Magee",3000,"Bal@Den 04:25PM ET",0,"Bal"
"RB","Dreamius Smith",3000,"Det@SD 04:05PM ET",0,"SD"
"RB","Terron Ward",3000,"Phi@Atl 07:10PM ET",0,"Atl"
"RB","Jahwan Edwards",3000,"Det@SD 04:05PM ET",0,"SD"
"WR","Titus Davis",3000,"Det@SD 04:05PM ET",0,"SD"
"WR","Nigel King",3000,"Mia@Was 01:00PM ET",0,"Mia"
"WR","Quinton Patton",3000,"Min@SF 10:20PM ET",2.100,"SF"
"RB","Mark Weisman",3000,"Cin@Oak 04:25PM ET",0,"Cin"
"WR","Quan Bray",3000,"Ind@Buf 01:00PM ET",0,"Ind"
"RB","Ka'Deem Carey",3000,"GB@Chi 01:00PM ET",1.893,"Chi"
"WR","Travis Labhart",3000,"KC@Hou 01:00PM ET",0,"Hou"
"WR","Tre McBride",3000,"Ten@TB 04:25PM ET",0,"Ten"
"WR","Rashad Ross",3000,"Mia@Was 01:00PM ET",0.000,"Was"
"WR","Ty Montgomery",3000,"GB@Chi 01:00PM ET",0,"GB"
"WR","Jamison Crowder",3000,"Mia@Was 01:00PM ET",0,"Was"
"RB","Zach Laskey",3000,"Sea@StL 01:00PM ET",0,"StL"
"WR","Darren Waller",3000,"Bal@Den 04:25PM ET",0,"Bal"
"WR","David Porter",3000,"Bal@Den 04:25PM ET",0,"Den"
"WR","Dezmin Lewis",3000,"Ind@Buf 01:00PM ET",0,"Buf"
"RB","Keshawn Hill",3000,"KC@Hou 01:00PM ET",0,"KC"
"RB","Gus Johnson",3000,"NYG@Dal 08:30PM ET",0,"Dal"
"WR","Adam Humphries",3000,"Ten@TB 04:25PM ET",0,"TB"
"RB","Alonzo Harris",3000,"GB@Chi 01:00PM ET",0,"GB"
"RB","Malcolm Brown",3000,"Sea@StL 01:00PM ET",0,"StL"
"WR","Jaxon Shipley",3000,"NO@Ari 04:05PM ET",0,"Ari"
"WR","Deshon Foxx",3000,"Sea@StL 01:00PM ET",0,"Sea"
"RB","Kiero Small",3000,"Bal@Den 04:25PM ET",0.000,"Bal"
"WR","Damiere Byrd",3000,"Car@Jax 01:00PM ET",0,"Car"
"WR","Bruce Ellington",3000,"Min@SF 10:20PM ET",2.538,"SF"
"WR","Tyler Lockett",3000,"Sea@StL 01:00PM ET",0,"Sea"
"RB","Aaron Ripkowski",3000,"GB@Chi 01:00PM ET",0,"GB"
"WR","Josh Stewart",3000,"Ten@TB 04:25PM ET",0,"Ten"
"WR","Bradley Marquez",3000,"Sea@StL 01:00PM ET",0,"StL"
"WR","Rashad Greene",3000,"Car@Jax 01:00PM ET",0,"Jax"
"RB","James Wilder Jr.",3000,"Cin@Oak 04:25PM ET",0,"Cin"
"RB","Karlos Williams",3000,"Ind@Buf 01:00PM ET",0,"Buf"
"RB","Thomas Rawls",3000,"Sea@StL 01:00PM ET",0,"Sea"
"WR","Darius Jennings",3000,"Cle@NYJ 01:00PM ET",0,"Cle"
"WR","Devante Davis",3000,"Phi@Atl 07:10PM ET",0,"Phi"
"WR","Devin Smith",3000,"Cle@NYJ 01:00PM ET",0,"NYJ"
"WR","Evan Spencer",3000,"Mia@Was 01:00PM ET",0,"Was"
"RB","Brandon Cottom",3000,"Sea@StL 01:00PM ET",0,"Sea"
"RB","Akeem Hunt",3000,"NYG@Dal 08:30PM ET",0,"NYG"
"RB","Raheem Mostert",3000,"Phi@Atl 07:10PM ET",0,"Phi"
"WR","Andre Davis",3000,"Ind@Buf 01:00PM ET",0,"Buf"
"WR","Donte Moncrief",3000,"Ind@Buf 01:00PM ET",6.405,"Ind"
"RB","Josh Robinson",3000,"Ind@Buf 01:00PM ET",0,"Ind"
"WR","Chuck Jacobs",3000,"Min@SF 10:20PM ET",0,"SF"
"WR","Jeremy Butler",3000,"Bal@Den 04:25PM ET",0,"Bal"
"RB","Corey Knox",3000,"Ind@Buf 01:00PM ET",0,"Buf"
"WR","De'Anthony Thomas",3000,"KC@Hou 01:00PM ET",5.158,"KC"
"WR","Kasen Williams",3000,"Sea@StL 01:00PM ET",0,"Sea"
"RB","Kenneth Harper",3000,"NYG@Dal 08:30PM ET",0,"NYG"
"WR","DaVaris Daniels",3000,"Min@SF 10:20PM ET",0,"Min"
"WR","Shane Wynn",3000,"Cle@NYJ 01:00PM ET",0,"Cle"
"RB","Darrin Reaves",3000,"Car@Jax 01:00PM ET",2.650,"Car"
"WR","Rannell Hall",3000,"Ten@TB 04:25PM ET",0,"TB"
"WR","Milton Williams III",3000,"Cin@Oak 04:25PM ET",0,"Oak"
"RB","George Atkinson III",3000,"Cin@Oak 04:25PM ET",0.000,"Oak"
"WR","Christion Jones",3000,"Mia@Was 01:00PM ET",0,"Mia"
"WR","DeAndre Carter",3000,"Bal@Den 04:25PM ET",0,"Bal"
"WR","Jeret Smith",3000,"KC@Hou 01:00PM ET",0,"KC"
"WR","Chandler Worthy",3000,"KC@Hou 01:00PM ET",0,"Hou"
"WR","Brittan Golden",3000,"NO@Ari 04:05PM ET",0,"Ari"
"RB","Daryl Richardson",3000,"Cle@NYJ 01:00PM ET",0,"NYJ"
"WR","Tyrell Williams",3000,"Det@SD 04:05PM ET",0,"SD"
"WR","Isaac Fruechte",3000,"Min@SF 10:20PM ET",0,"Min"
"WR","Deontay Greenberry",3000,"NYG@Dal 08:30PM ET",0,"Dal"
"RB","Paul Lasike",3000,"NO@Ari 04:05PM ET",0,"Ari"
"RB","Marion Grice",3000,"NO@Ari 04:05PM ET",2.373,"Ari"
"WR","Marquez Clark",3000,"Phi@Atl 07:10PM ET",0,"Atl"
"WR","Kasey Closs",3000,"Car@Jax 01:00PM ET",0,"Jax"
"RB","Tyler Varga",3000,"Ind@Buf 01:00PM ET",0,"Ind"
"WR","Cordarrelle Patterson",3000,"Min@SF 10:20PM ET",6.069,"Min"
"RB","Trey Williams",3000,"Mia@Was 01:00PM ET",0,"Was"
"RB","Duke Johnson Jr.",3000,"Cle@NYJ 01:00PM ET",0,"Cle"
"RB","Abou Toure",3000,"Ind@Buf 01:00PM ET",0,"Ind"
"WR","Cam Worthy",3000,"Bal@Den 04:25PM ET",0,"Bal"
"WR","Demetrius Wilson",3000,"Det@SD 04:05PM ET",0,"SD"
"WR","Stefon Diggs",3000,"Min@SF 10:20PM ET",0,"Min"
"WR","Daniel Rodriguez",3000,"Sea@StL 01:00PM ET",0,"StL"
"WR","Kenny Cook",3000,"KC@Hou 01:00PM ET",0,"KC"
"WR","Isiah Ferguson",3000,"Sea@StL 01:00PM ET",0,"StL"
"WR","Seth Roberts",3000,"Cin@Oak 04:25PM ET",0,"Oak"
"RB","John Crockett",3000,"GB@Chi 01:00PM ET",0,"GB"
"WR","Jonathon Rumph",3000,"Cle@NYJ 01:00PM ET",0,"NYJ"
"WR","Lucky Whitehead",3000,"NYG@Dal 08:30PM ET",0,"Dal"
"WR","Adam Thielen",3000,"Min@SF 10:20PM ET",1.731,"Min"
"RB","Khiry Robinson",3000,"NO@Ari 04:05PM ET",6.650,"NO"
"WR","Braylon Bell",3000,"Mia@Was 01:00PM ET",0,"Was"
"WR","Damond Powell",3000,"NO@Ari 04:05PM ET",0,"Ari"
"WR","Javess Blue",3000,"GB@Chi 01:00PM ET",0,"GB"
"WR","Mario Alford",3000,"Cin@Oak 04:25PM ET",0,"Cin"
"WR","DeAndre Smelter",3000,"Min@SF 10:20PM ET",0,"SF"
"WR","Vince Mayle",3000,"Cle@NYJ 01:00PM ET",0,"Cle"
"WR","Taylor Gabriel",3000,"Cle@NYJ 01:00PM ET",6.569,"Cle"
"RB","Charcandrick West",3000,"KC@Hou 01:00PM ET",0.000,"KC"
"WR","Paul Browning",3000,"Cle@NYJ 01:00PM ET",0,"Cle"
"WR","Gavin Lutman",3000,"Min@SF 10:20PM ET",0,"Min"
"WR","Corey Washington",3000,"NYG@Dal 08:30PM ET",1.157,"NYG"
"WR","Jeff Janis",3000,"GB@Chi 01:00PM ET",1.200,"GB"
"WR","Torrence Allen",3000,"Det@SD 04:05PM ET",0,"SD"
"WR","Seantavius Jones",3000,"NO@Ari 04:05PM ET",0,"NO"
"WR","Ricky Collins",3000,"GB@Chi 01:00PM ET",0,"GB"
"WR","Vernon Johnson",3000,"Det@SD 04:05PM ET",0,"Det"
"WR","Tello Luckett",3000,"KC@Hou 01:00PM ET",0,"KC"
"WR","Rasheed Bailey",3000,"Phi@Atl 07:10PM ET",0,"Phi"
"WR","Trevor Harman",3000,"NO@Ari 04:05PM ET",0,"Ari"
"WR","Joshua Stangby",3000,"Phi@Atl 07:10PM ET",0,"Atl"
"WR","Tyler Rutenbeck",3000,"Ind@Buf 01:00PM ET",0,"Ind"
"RB","Rasheed Williams",3000,"Det@SD 04:05PM ET",0,"Det"
"RB","Terrell Watson",3000,"Cin@Oak 04:25PM ET",0,"Cin"
"RB","Luke Lundy",3000,"Cle@NYJ 01:00PM ET",0,"Cle"
"WR","Donteea Dye",3000,"Ten@TB 04:25PM ET",0,"TB"
"WR","Austin Willis",3000,"Cin@Oak 04:25PM ET",0,"Oak"
"RB","Desmond Martin",3000,"Det@SD 04:05PM ET",0,"Det"
"DST","Bills ",2900,"Ind@Buf 01:00PM ET",10.938,"Buf"
"DST","Colts ",2900,"Ind@Buf 01:00PM ET",7.737,"Ind"
"DST","Jets ",2900,"Cle@NYJ 01:00PM ET",4.688,"NYJ"
"TE","Jared Cook",2900,"Sea@StL 01:00PM ET",8.338,"StL"
"TE","Eric Ebron",2900,"Det@SD 04:05PM ET",4.350,"Det"
"DST","Cowboys ",2800,"NYG@Dal 08:30PM ET",7.389,"Dal"
"DST","Broncos ",2800,"Bal@Den 04:25PM ET",7.353,"Den"
"DST","Lions ",2800,"Det@SD 04:05PM ET",8.235,"Det"
"DST","Titans ",2800,"Ten@TB 04:25PM ET",5.063,"Ten"
"DST","Rams ",2800,"Sea@StL 01:00PM ET",9.563,"StL"
"DST","Vikings ",2800,"Min@SF 10:20PM ET",8.000,"Min"
"DST","Cardinals ",2800,"NO@Ari 04:05PM ET",8.941,"Ari"
"DST","Chargers ",2800,"Det@SD 04:05PM ET",6.438,"SD"
"DST","49ers ",2800,"Min@SF 10:20PM ET",7.938,"SF"
"DST","Buccaneers ",2800,"Ten@TB 04:25PM ET",6.625,"TB"
"TE","David Johnson",2800,"Det@SD 04:05PM ET",0.100,"SD"
"TE","Jermaine Gresham",2800,"NO@Ari 04:05PM ET",9.200,"Ari"
"TE","Jace Amaro",2800,"Cle@NYJ 01:00PM ET",6.036,"NYJ"
"DST","Falcons ",2700,"Phi@Atl 07:10PM ET",6.438,"Atl"
"DST","Saints ",2700,"NO@Ari 04:05PM ET",4.313,"NO"
"DST","Eagles ",2700,"Phi@Atl 07:10PM ET",11.813,"Phi"
"DST","Jaguars ",2700,"Car@Jax 01:00PM ET",6.938,"Jax"
"DST","Ravens ",2700,"Bal@Den 04:25PM ET",8.833,"Bal"
"TE","Mychal Rivera",2700,"Cin@Oak 04:25PM ET",8.588,"Oak"
"TE","Clive Walford",2700,"Cin@Oak 04:25PM ET",0,"Oak"
"TE","Maxx Williams",2700,"Bal@Den 04:25PM ET",0,"Bal"
"DST","Redskins ",2600,"Mia@Was 01:00PM ET",4.063,"Was"
"TE","Jacob Tamme",2600,"Phi@Atl 07:10PM ET",2.244,"Atl"
"TE","Benjamin Watson",2600,"NO@Ari 04:05PM ET",2.850,"NO"
"DST","Giants ",2500,"NYG@Dal 08:30PM ET",6.938,"NYG"
"TE","Daniel Fells",2500,"NYG@Dal 08:30PM ET",3.613,"NYG"
"TE","Craig Stevens",2500,"Ten@TB 04:25PM ET",0.920,"Ten"
"TE","Dante Rosario",2500,"GB@Chi 01:00PM ET",1.788,"Chi"
"TE","Marcedes Lewis",2500,"Car@Jax 01:00PM ET",6.325,"Jax"
"TE","Anthony Fasano",2500,"Ten@TB 04:25PM ET",4.773,"Ten"
"TE","Brent Celek",2500,"Phi@Atl 07:10PM ET",4.625,"Phi"
"TE","Zach Miller",2500,"GB@Chi 01:00PM ET",0,"Chi"
"TE","Dennis Pitta",2500,"Bal@Den 04:25PM ET",9.500,"Bal"
"TE","Brandon Pettigrew",2500,"Det@SD 04:05PM ET",1.273,"Det"
"TE","Kellen Davis",2500,"Cle@NYJ 01:00PM ET",0.000,"NYJ"
"TE","Brandon Myers",2500,"Ten@TB 04:25PM ET",2.929,"TB"
"TE","Darren Fells",2500,"NO@Ari 04:05PM ET",1.745,"Ari"
"TE","Bear Pascoe",2500,"GB@Chi 01:00PM ET",0.519,"Chi"
"TE","Kevin Brock",2500,"NO@Ari 04:05PM ET",0.587,"NO"
"TE","Gary Barnidge",2500,"Cle@NYJ 01:00PM ET",2.200,"Cle"
"TE","Tony Moeaki",2500,"Phi@Atl 07:10PM ET",3.914,"Atl"
"TE","Clay Harbor",2500,"Car@Jax 01:00PM ET",4.685,"Jax"
"TE","Ed Dickson",2500,"Car@Jax 01:00PM ET",2.067,"Car"
"TE","Logan Paulsen",2500,"Mia@Was 01:00PM ET",1.613,"Was"
"TE","Garrett Graham",2500,"KC@Hou 01:00PM ET",3.973,"Hou"
"TE","Richie Brockel",2500,"Car@Jax 01:00PM ET",0.000,"Car"
"TE","David Ausberry",2500,"Det@SD 04:05PM ET",0.567,"Det"
"TE","Anthony McCoy",2500,"Sea@StL 01:00PM ET",0,"Sea"
"TE","Jim Dray",2500,"Cle@NYJ 01:00PM ET",2.950,"Cle"
"TE","Virgil Green",2500,"Bal@Den 04:25PM ET",1.507,"Den"
"TE","John Phillips",2500,"Det@SD 04:05PM ET",0.444,"SD"
"TE","Ryan Taylor",2500,"KC@Hou 01:00PM ET",0.000,"KC"
"TE","Richard Gordon",2500,"KC@Hou 01:00PM ET",0.000,"KC"
"TE","Rob Housler",2500,"Cle@NYJ 01:00PM ET",1.375,"Cle"
"TE","Matthew Mulligan",2500,"Ind@Buf 01:00PM ET",0.000,"Buf"
"TE","Mickey Shuler",2500,"Phi@Atl 07:10PM ET",0.000,"Atl"
"TE","Lance Kendricks",2500,"Sea@StL 01:00PM ET",5.181,"StL"
"TE","Jeff Cumberland",2500,"Cle@NYJ 01:00PM ET",4.106,"NYJ"
"TE","Lee Smith",2500,"Cin@Oak 04:25PM ET",1.229,"Oak"
"TE","Luke Stocker",2500,"Ten@TB 04:25PM ET",0.854,"TB"
"TE","Steve Maneri",2500,"Cle@NYJ 01:00PM ET",0.000,"NYJ"
"TE","Konrad Reuland",2500,"Bal@Den 04:25PM ET",0,"Bal"
"TE","Andrew Quarless",2500,"GB@Chi 01:00PM ET",5.133,"GB"
"TE","Sean McGrath",2500,"Ind@Buf 01:00PM ET",0,"Ind"
"TE","James Casey",2500,"Bal@Den 04:25PM ET",1.306,"Den"
"TE","Adrien Robinson",2500,"NYG@Dal 08:30PM ET",1.000,"NYG"
"TE","Rhett Ellison",2500,"Min@SF 10:20PM ET",2.988,"Min"
"TE","Ifeanyi Momah",2500,"NO@Ari 04:05PM ET",0,"Ari"
"TE","Allen Reisner",2500,"Bal@Den 04:25PM ET",0,"Bal"
"TE","Emil Igwenagu",2500,"Det@SD 04:05PM ET",0,"Det"
"TE","Garrett Celek",2500,"Min@SF 10:20PM ET",2.433,"SF"
"TE","Jamie Childers",2500,"Car@Jax 01:00PM ET",0,"Car"
"TE","Evan Rodriguez",2500,"Ten@TB 04:25PM ET",0.000,"TB"
"TE","Niles Paul",2500,"Mia@Was 01:00PM ET",5.919,"Was"
"TE","Dave Paulson",2500,"Det@SD 04:05PM ET",0,"SD"
"TE","James Hanna",2500,"NYG@Dal 08:30PM ET",0.489,"Dal"
"TE","Jake Stoneburner",2500,"Mia@Was 01:00PM ET",0,"Mia"
"TE","Joe Don Duncan",2500,"Bal@Den 04:25PM ET",0,"Den"
"TE","Taylor Thompson",2500,"Ten@TB 04:25PM ET",1.467,"Ten"
"TE","Gerell Robinson",2500,"Mia@Was 01:00PM ET",0.000,"Mia"
"TE","Cory Harkey",2500,"Sea@StL 01:00PM ET",1.344,"StL"
"TE","MarQueis Gray",2500,"Ind@Buf 01:00PM ET",1.723,"Buf"
"TE","Tim Wright",2500,"Ten@TB 04:25PM ET",4.872,"TB"
"TE","Ryan Griffin",2500,"KC@Hou 01:00PM ET",1.569,"Hou"
"TE","Brad Smelley",2500,"Sea@StL 01:00PM ET",0,"StL"
"TE","Chris Gragg",2500,"Ind@Buf 01:00PM ET",1.780,"Buf"
"TE","Ryan Otten",2500,"Min@SF 10:20PM ET",0,"Min"
"TE","Luke Willson",2500,"Sea@StL 01:00PM ET",5.947,"Sea"
"TE","Jordan Thompson",2500,"Det@SD 04:05PM ET",0.000,"Det"
"TE","Joseph Fauria",2500,"Det@SD 04:05PM ET",3.057,"Det"
"TE","Jack Doyle",2500,"Ind@Buf 01:00PM ET",2.637,"Ind"
"TE","Vance McDonald",2500,"Min@SF 10:20PM ET",0.500,"SF"
"TE","Marcel Jensen",2500,"Bal@Den 04:25PM ET",1.800,"Den"
"TE","Justin Perillo",2500,"GB@Chi 01:00PM ET",0.000,"GB"
"TE","Nick Kasa",2500,"Cin@Oak 04:25PM ET",0,"Oak"
"TE","Ryan Hewitt",2500,"Cin@Oak 04:25PM ET",1.488,"Cin"
"TE","Levine Toilolo",2500,"Phi@Atl 07:10PM ET",4.113,"Atl"
"TE","Justice Cunningham",2500,"Sea@StL 01:00PM ET",0,"StL"
"TE","Matt Lengel",2500,"Cin@Oak 04:25PM ET",0,"Cin"
"TE","Gabe Holmes",2500,"Cin@Oak 04:25PM ET",0,"Oak"
"TE","Gavin Escobar",2500,"NYG@Dal 08:30PM ET",2.417,"Dal"
"TE","Ted Bolser",2500,"NO@Ari 04:05PM ET",0,"Ari"
"TE","Alex Bayer",2500,"Sea@StL 01:00PM ET",0.000,"StL"
"TE","Dion Sims",2500,"Mia@Was 01:00PM ET",4.600,"Mia"
"TE","Blake Annen",2500,"GB@Chi 01:00PM ET",0.000,"Chi"
"TE","Orson Charles",2500,"NO@Ari 04:05PM ET",0,"NO"
"TE","Arthur Lynch",2500,"Mia@Was 01:00PM ET",0,"Mia"
"TE","Brandon Bostick",2500,"Min@SF 10:20PM ET",0.553,"Min"
"TE","Jerome Cunningham",2500,"NYG@Dal 08:30PM ET",0,"NYG"
"TE","Nic Jacobs",2500,"Car@Jax 01:00PM ET",0.738,"Jax"
"TE","Brandon Williams",2500,"Car@Jax 01:00PM ET",0.525,"Car"
"TE","Cooper Helfet",2500,"Sea@StL 01:00PM ET",3.864,"Sea"
"TE","Devin Mahina",2500,"Mia@Was 01:00PM ET",0,"Was"
"TE","Crockett Gillmore",2500,"Bal@Den 04:25PM ET",2.300,"Bal"
"TE","Trey Burton",2500,"Phi@Atl 07:10PM ET",0.067,"Phi"
"TE","Gerald Christian",2500,"NO@Ari 04:05PM ET",0,"Ari"
"TE","Blake Bell",2500,"Min@SF 10:20PM ET",0,"SF"
"TE","Je'Ron Hamm",2500,"Mia@Was 01:00PM ET",0,"Was"
"TE","Justin Sinz",2500,"Ind@Buf 01:00PM ET",0,"Ind"
"TE","Erik Swoope",2500,"Ind@Buf 01:00PM ET",0,"Ind"
"TE","Harold Spears",2500,"GB@Chi 01:00PM ET",0,"GB"
"TE","James O'Shaughnessy",2500,"KC@Hou 01:00PM ET",0,"KC"
"TE","MyCole Pruitt",2500,"Min@SF 10:20PM ET",0,"Min"
"TE","Cameron Brate",2500,"Ten@TB 04:25PM ET",0.540,"TB"
"TE","Will Tye",2500,"NYG@Dal 08:30PM ET",0,"NYG"
"TE","Chase Ford",2500,"Min@SF 10:20PM ET",4.982,"Min"
"TE","C.J. Fiedorowicz",2500,"KC@Hou 01:00PM ET",0.853,"Hou"
"TE","Eric Tomlinson",2500,"Phi@Atl 07:10PM ET",0,"Phi"
"TE","Randall Telfer",2500,"Cle@NYJ 01:00PM ET",0,"Cle"
"TE","Brian Parker",2500,"Det@SD 04:05PM ET",0,"SD"
"TE","Brian Vogler",2500,"GB@Chi 01:00PM ET",0,"Chi"
"TE","Mike McFarland",2500,"KC@Hou 01:00PM ET",0,"Hou"
"TE","Andrew Gleichert",2500,"Phi@Atl 07:10PM ET",0,"Phi"
"TE","Chase Dixon",2500,"Mia@Was 01:00PM ET",0,"Was"
"TE","Taylor Sloat",2500,"Ten@TB 04:25PM ET",0,"TB"
"TE","Connor Hamlett",2500,"Car@Jax 01:00PM ET",0,"Jax"
"TE","Casey Pierce",2500,"Det@SD 04:05PM ET",0,"Det"
"TE","RaShaun Allen",2500,"Sea@StL 01:00PM ET",0.000,"Sea"
"TE","Scott Simonson",2500,"Car@Jax 01:00PM ET",0.000,"Car"
"TE","Jake Murphy",2500,"Cin@Oak 04:25PM ET",0,"Cin"
"TE","Kyle Miller",2500,"Det@SD 04:05PM ET",0,"SD"
"TE","Justin Tukes",2500,"Phi@Atl 07:10PM ET",0,"Phi"
"TE","Anthony Denham",2500,"KC@Hou 01:00PM ET",0.000,"Hou"
"TE","Tyler Kroft",2500,"Cin@Oak 04:25PM ET",0,"Cin"
"TE","Clay Burton",2500,"Ind@Buf 01:00PM ET",0,"Buf"
"TE","C.J. Uzomah",2500,"Cin@Oak 04:25PM ET",0,"Cin"
"TE","Jeff Heuerman",2500,"Bal@Den 04:25PM ET",0,"Den"
"TE","Earnest Pettway",2500,"KC@Hou 01:00PM ET",0,"KC"
"TE","Demetrius Harris",2500,"KC@Hou 01:00PM ET",0.625,"KC"
"TE","Mitchell Henry",2500,"GB@Chi 01:00PM ET",0,"GB"
"TE","Busta Anderson",2500,"Min@SF 10:20PM ET",0,"SF"
"TE","Nick O'Leary",2500,"Ind@Buf 01:00PM ET",0,"Buf"
"TE","Jack Tabb",2500,"NO@Ari 04:05PM ET",0,"NO"
"TE","Matt LaCosse",2500,"NYG@Dal 08:30PM ET",0,"NYG"
"TE","Tevin Westbrook",2500,"Ten@TB 04:25PM ET",0,"Ten"
"TE","Richard Rodgers",2500,"GB@Chi 01:00PM ET",3.906,"GB"
"TE","Nick Boyle",2500,"Bal@Den 04:25PM ET",0,"Bal"
"TE","Eric Frohnapfel",2500,"Det@SD 04:05PM ET",0,"SD"
"TE","Kennard Backman",2500,"GB@Chi 01:00PM ET",0,"GB"
"TE","Ben Koyack",2500,"Car@Jax 01:00PM ET",0,"Jax"
"TE","Troy Niklas",2500,"NO@Ari 04:05PM ET",0.971,"Ari"
"TE","Ray Hamilton",2500,"NYG@Dal 08:30PM ET",0,"Dal"
"TE","Beau Gardner",2500,"Phi@Atl 07:10PM ET",0,"Atl"
"TE","Phillip Supernaw",2500,"Ten@TB 04:25PM ET",0.750,"Ten"
"TE","Wes Saxton",2500,"Cle@NYJ 01:00PM ET",0,"NYJ"
"TE","Derek Carrier",2500,"Min@SF 10:20PM ET",1.791,"SF"
"TE","Dominique Jones",2500,"Bal@Den 04:25PM ET",0.000,"Den"
"TE","Brian Leonhardt",2500,"Cin@Oak 04:25PM ET",1.292,"Oak"
"TE","Geoff Swaim",2500,"NYG@Dal 08:30PM ET",0,"Dal"
"TE","E.J. Bibbs",2500,"Cle@NYJ 01:00PM ET",0,"Cle"
"TE","Gannon Sinclair",2500,"NO@Ari 04:05PM ET",0,"Ari"
"TE","Jean Sifrin",2500,"Ind@Buf 01:00PM ET",0,"Ind"
"TE","Khari Lee",2500,"KC@Hou 01:00PM ET",0,"Hou"
"TE","John Peters",2500,"Cin@Oak 04:25PM ET",0,"Cin"
"DST","Bears ",2400,"GB@Chi 01:00PM ET",6.563,"Chi"
"DST","Raiders ",2300,"Cin@Oak 04:25PM ET",3.813,"Oak"
